rating,alpha,phi,sigma,last_dr,q95,n_obs
Aaa,0.0,0.0,0.0,0.0,0.0,104
Aa,0.0005855126607383596,-0.005968374579667129,0.001732923293206982,0.0,0.004849999999999994,104
A,0.0005077441504067854,0.3929438168420576,0.002340710915879982,0.0015,0.003924999999999982,104
Baa,0.001204268979058921,0.49757135594886537,0.0037911956355616517,0.0011,0.010739999999999998,104
Ba,0.005156557987273824,0.4800233871855027,0.01408984862922631,0.0073,0.03793499999999998,104
B,0.016182709371301656,0.46869434351889455,0.03280958271599509,0.0072,0.10182999999999993,104
Caa-C,0.07092954193518877,0.31464889330200424,0.10446735270021369,0.0916,0.3333,104
