rating,year_ahead,DR_mild,DR_base,DR_severe
Aaa,1,0.0,0.0,0.0
Aa,1,0.0,0.0005855126607383596,0.004051359247152324
A,1,0.0,0.0010971598756698718,0.003924999999999982
Baa,1,0.0,0.0017515974706026729,0.009333988741725977
Ba,1,0.0,0.008660728713727995,0.03684042597218062
B,1,0.0,0.019557308644637696,0.08517647407662789
Caa-C,1,0.0,0.09975138056165236,0.30868608596207975
